date,ticker,name,isin,is_fund,type,quantity,amount_nok,fees_nok,native_price,native_currency,account,realized_gain_nok
2023-03-23,AAPL,Apple,US0378331005,False,BUY,2.0,3387.52,99.0,158.0,USD,Aksje og fondskonto,
2023-04-12,MC.PA,Lvmh Moet Hennessy Louis Vuitton SE,FR0000121014,False,BUY,1.0,9860.83,128.2,842.4,EUR,Aksje og fondskonto,
2023-04-18,EQNR.OL,Equinor,NO0010096985,False,BUY,3.0,998.05,79.0,306.35,NOK,ASK,
2023-05-04,MOWI.OL,Mowi,NO0003054108,False,BUY,12.0,2448.4,79.0,197.4499,NOK,ASK,
2023-08-02,IE00BMTD2J60,Nordnet Global Indeks NOK,IE00BMTD2J60,True,BUY,6.8112,1000.0,0.0,146.816,NOK,ASK,
2023-08-15,MC.PA,Lvmh Moet Hennessy Louis Vuitton SE,FR0000121014,False,BUY,1.0,9378.56,126.76,804.7,EUR,Aksje og fondskonto,
2023-09-27,NO0010279029,Landkreditt Høyrente A,NO0010279029,True,BUY,18.9572,2000.0,0.0,105.501,NOK,Fondskonto,
2023-10-10,NO0010279029,Landkreditt Høyrente A,NO0010279029,True,BUY,47.2968,5000.0,0.0,105.7154,NOK,Fondskonto,
2023-10-16,NO0010710452,Fondsfinans High Yield A,NO0010710452,True,BUY,0.2688,2999.0,0.0,11155.3637,NOK,Fondskonto,
2023-10-20,NO0010860349,Fondsfinans Utbytte A,NO0010860349,True,BUY,0.2184,4000.0,0.0,18314.6846,NOK,ASK,
2023-11-01,NO0010876469,Storebrand Nordic High Yield N,NO0010876469,True,BUY,6.493,7000.0,0.0,1078.0794,NOK,Fondskonto,
2023-11-02,NO0010782519,Heimdal Høyrente A - Rentefond NOK,NO0010782519,True,BUY,16.6229,2000.0,0.0,120.3156,NOK,Fondskonto,
2023-11-02,IE00BMTD2J60,Nordnet Global Indeks NOK,IE00BMTD2J60,True,BUY,6.5472,1000.0,0.0,152.736,NOK,ASK,
2023-11-09,NO0013023234,Fondsfinans Utbytte B,NO0013023234,True,BUY,0.2183,4000.0,0.0,,NOK,ASK,
2023-11-09,NO0010860349,Fondsfinans Utbytte A,NO0010860349,True,SELL,0.2184,4000.0,0.0,,NOK,ASK,0.0
2023-11-17,NO0010776040,KLP AksjeGlobal Indeks P,NO0010776040,True,BUY,0.7559,2000.0,0.0,2645.8511,NOK,ASK,
2023-11-17,IE00BMTD2N07,Nordnet Europa Indeks NOK,IE00BMTD2N07,True,BUY,6.5638,1000.0,0.0,152.35,NOK,ASK,
2023-11-24,CP,Canadian Pacific Kansas City,CA13646K1084,False,BUY,3.0,2320.73,0.0,72.15,USD,Aksje og fondskonto,
2023-11-28,NO0010782519,Heimdal Høyrente A - Rentefond NOK,NO0010782519,True,BUY,8.2081,1000.0,0.0,121.8302,NOK,Fondskonto,
2023-11-29,NOVO-B.CO,Novo Nordisk B,DK0062498333,False,BUY,2.0,2172.72,3.25,689.0,DKK,Aksje og fondskonto,
2023-12-07,NOVO-B.CO,Novo Nordisk B,DK0062498333,False,BUY,2.0,2125.96,3.18,671.1,DKK,ASK,
2023-12-19,NO0010782519,Heimdal Høyrente A - Rentefond NOK,NO0010782519,True,BUY,24.3943,3000.0,0.0,122.9798,NOK,Fondskonto,
2023-12-19,MSFT,Microsoft,US5949181045,False,BUY,1.0,3868.47,49.0,370.0,USD,Aksje og fondskonto,
2023-12-22,MOWI.OL,Mowi,NO0003054108,False,BUY,6.0,1051.58,1.58,175.0,NOK,ASK,
2023-12-28,NO0010710452,Fondsfinans High Yield A,NO0010710452,True,BUY,0.265,3000.0,0.0,11322.4593,NOK,Fondskonto,
2023-12-29,NO0010279029,Landkreditt Høyrente A,NO0010279029,True,BUY,3.9468,401.33,0.0,101.6848,NOK,Fondskonto,
2023-12-29,NO0010782519,Heimdal Høyrente A - Rentefond NOK,NO0010782519,True,BUY,2.9807,348.86,0.0,117.0405,NOK,Fondskonto,
2023-12-29,NO0010710452,Fondsfinans High Yield A,NO0010710452,True,BUY,0.0437,459.22,0.0,10511.6284,NOK,Fondskonto,
2023-12-29,NO0010876469,Storebrand Nordic High Yield N,NO0010876469,True,BUY,0.4004,416.2,0.0,1039.4219,NOK,Fondskonto,
2024-01-04,AAPL,Apple,US0378331005,False,BUY,2.0,3817.25,49.0,182.0,USD,Aksje og fondskonto,
2024-01-05,IE00BMTD2J60,Nordnet Global Indeks NOK,IE00BMTD2J60,True,BUY,15.711,2420.0,0.0,154.032,NOK,ASK,
2024-01-12,NO0010782519,Heimdal Høyrente A - Rentefond NOK,NO0010782519,True,BUY,25.393,3000.0,0.0,118.1429,NOK,Fondskonto,
2024-01-12,NO0010279029,Landkreditt Høyrente A,NO0010279029,True,BUY,14.7033,1500.0,0.0,102.0181,NOK,Fondskonto,
2024-01-12,NO0013023234,Fondsfinans Utbytte B,NO0013023234,True,BUY,0.0508,1000.0,0.0,19695.2255,NOK,ASK,
2024-01-12,NO0010710452,Fondsfinans High Yield A,NO0010710452,True,BUY,0.2842,3000.0,0.0,10555.1206,NOK,Fondskonto,
2024-01-12,IE00BMTD2N07,Nordnet Europa Indeks NOK,IE00BMTD2N07,True,BUY,16.5267,2500.0,0.0,151.27,NOK,ASK,
2024-01-12,NO0010876469,Storebrand Nordic High Yield N,NO0010876469,True,BUY,1.4318,1500.0,0.0,1047.6645,NOK,Fondskonto,
2024-01-16,IE00BMTD2J60,Nordnet Global Indeks NOK,IE00BMTD2J60,True,BUY,15.6538,2500.0,0.0,159.706,NOK,ASK,
2024-01-31,GOOGL,Alphabet A,US02079K3059,False,BUY,3.0,4538.18,49.0,143.41,USD,Aksje og fondskonto,
2024-02-07,EQNR.OL,Equinor,NO0010096985,False,BUY,3.0,855.08,1.28,284.6,NOK,ASK,
2024-03-19,IE00BMTD2J60,Nordnet Global Indeks NOK,IE00BMTD2J60,True,BUY,28.3558,5000.0,0.0,176.331,NOK,ASK,
2024-03-22,NO0012948878,Heimdal Høyrente N,NO0012948878,True,BUY,77.5983,9348.86,0.0,,NOK,Fondskonto,
2024-03-22,NO0010782519,Heimdal Høyrente A - Rentefond NOK,NO0010782519,True,SELL,77.599,9348.86,0.0,,NOK,Fondskonto,0.0
2024-04-04,NOVO-B.CO,Novo Nordisk B,DK0062498333,False,BUY,2.0,2701.56,4.05,865.0,DKK,ASK,
2024-04-05,IE00BNNLSM87,Nordnet Teknologi Indeks NOK,IE00BNNLSM87,True,BUY,37.9422,7000.0,0.0,184.491,NOK,ASK,
2024-04-09,V,Visa,US92826C8394,False,BUY,2.0,5921.65,49.0,275.0,USD,Aksje og fondskonto,
2024-04-12,CP,Canadian Pacific Kansas City,CA13646K1084,False,BUY,4.0,3802.9,49.0,86.02,USD,Aksje og fondskonto,
2024-04-22,IE00BNNLSM87,Nordnet Teknologi Indeks NOK,IE00BNNLSM87,True,BUY,2.7642,490.0,0.0,177.266,NOK,ASK,
2024-04-22,IE00BMTD2J60,Nordnet Global Indeks NOK,IE00BMTD2J60,True,BUY,56.9856,10000.0,0.0,175.483,NOK,ASK,
2024-04-26,EPR.OL,Europris,NO0010735343,False,BUY,10.0,689.03,1.03,68.8,NOK,ASK,
2024-04-30,AMZN,Amazon.com,US0231351067,False,BUY,2.0,3946.48,49.0,175.0,USD,Aksje og fondskonto,
2024-05-08,NO0012948878,Heimdal Høyrente N,NO0012948878,True,BUY,55.9656,7000.0,0.0,125.0768,NOK,Fondskonto,
2024-05-21,NO0013023234,Fondsfinans Utbytte B,NO0013023234,True,BUY,0.0922,2000.0,0.0,21695.0711,NOK,ASK,
2024-05-21,IE00BNNLSM87,Nordnet Teknologi Indeks NOK,IE00BNNLSM87,True,BUY,31.5572,6000.0,0.0,190.131,NOK,ASK,
2024-05-22,CP,Canadian Pacific Kansas City,CA13646K1084,False,BUY,4.0,3507.58,49.0,80.7,USD,Aksje og fondskonto,
2024-05-23,V,Visa,US92826C8394,False,BUY,1.0,2985.13,49.0,274.7,USD,Aksje og fondskonto,
2024-05-24,NO0012948878,Heimdal Høyrente N,NO0012948878,True,BUY,15.8589,1990.0,0.0,125.4815,NOK,Fondskonto,
2024-05-24,NO0010710452,Fondsfinans High Yield A,NO0010710452,True,BUY,0.0903,1000.0,0.0,11073.5956,NOK,Fondskonto,
2024-05-27,NO0013023234,Fondsfinans Utbytte B,NO0013023234,True,BUY,0.0458,1000.0,0.0,21831.6536,NOK,ASK,
2024-05-29,IE00BNNLSM87,Nordnet Teknologi Indeks NOK,IE00BNNLSM87,True,BUY,6.6434,1280.0,0.0,192.6719,NOK,ASK,
2024-05-29,IE00BMTD2J60,Nordnet Global Indeks NOK,IE00BMTD2J60,True,BUY,16.8927,3000.0,0.0,177.591,NOK,ASK,
2024-05-31,IE00BMTD2J60,Nordnet Global Indeks NOK,IE00BMTD2J60,True,BUY,56.5608,10000.0,0.0,176.801,NOK,ASK,
2024-06-04,NO0010776040,KLP AksjeGlobal Indeks P,NO0010776040,True,SELL,0.7559,2274.88,0.0,3009.4958,NOK,ASK,274.88
2024-06-05,IE00BMTD2J60,Nordnet Global Indeks NOK,IE00BMTD2J60,True,BUY,11.0458,2000.0,0.0,181.064,NOK,ASK,
2024-06-05,IE00BNNLSM87,Nordnet Teknologi Indeks NOK,IE00BNNLSM87,True,BUY,25.5323,5000.0,0.0,195.8299,NOK,ASK,
2024-06-05,NO0013168773,Fondsfinans High Yield B,NO0013168773,True,BUY,0.9519,10458.22,0.0,,NOK,Fondskonto,
2024-06-05,NO0010710452,Fondsfinans High Yield A,NO0010710452,True,SELL,0.952,10458.22,0.0,,NOK,Fondskonto,0.0
2024-06-07,NO0013023234,Fondsfinans Utbytte B,NO0013023234,True,BUY,0.0459,1000.0,0.0,21782.3108,NOK,ASK,
2024-06-07,IE00BMTD2N07,Nordnet Europa Indeks NOK,IE00BMTD2N07,True,BUY,5.6326,1000.0,0.0,177.539,NOK,ASK,
2024-06-11,VAR.OL,Vår Energi,NO0011202772,False,BUY,80.0,2803.4,4.2,34.99,NOK,ASK,
2024-06-14,VAR.OL,Vår Energi,NO0011202772,False,BUY,65.0,2213.32,3.32,34.0,NOK,ASK,
2024-06-18,KOG.OL,KONGSBERG GRUPPEN,NO0003043309,False,BUY,5.0,4371.55,6.55,873.0,NOK,ASK,
2024-06-19,IE00BMTD2N07,Nordnet Europa Indeks NOK,IE00BMTD2N07,True,BUY,4.0754,700.0,0.0,171.762,NOK,ASK,
2024-06-19,IE00BMTD2N07,Nordnet Europa Indeks NOK,IE00BMTD2N07,True,BUY,23.288,4000.0,0.0,171.762,NOK,ASK,
2024-06-21,IE00BMTD2J60,Nordnet Global Indeks NOK,IE00BMTD2J60,True,BUY,13.6882,2500.0,0.0,182.639,NOK,ASK,
2024-06-25,MOWI.OL,Mowi,NO0003054108,False,BUY,10.0,1829.74,2.74,182.7,NOK,ASK,
2024-06-27,IE00BNNLSM87,Nordnet Teknologi Indeks NOK,IE00BNNLSM87,True,BUY,38.739,8000.0,0.0,206.51,NOK,ASK,
2024-06-27,MOWI.OL,Mowi,NO0003054108,False,BUY,5.0,891.34,1.34,178.0,NOK,ASK,
2024-07-01,V,Visa,US92826C8394,False,BUY,2.0,5641.76,49.0,261.91,USD,Aksje og fondskonto,
2024-07-11,IE00BNNLSM87,Nordnet Teknologi Indeks NOK,IE00BNNLSM87,True,BUY,70.0754,15000.0,0.0,214.055,NOK,ASK,
2024-07-16,IE00BMTD2J60,Nordnet Global Indeks NOK,IE00BMTD2J60,True,BUY,36.183,7000.0,0.0,193.461,NOK,ASK,
2024-07-23,IE00BMTD2J60,Nordnet Global Indeks NOK,IE00BMTD2J60,True,BUY,15.5052,3000.0,0.0,193.483,NOK,ASK,
2024-07-23,IE00BNNLSM87,Nordnet Teknologi Indeks NOK,IE00BNNLSM87,True,BUY,9.3126,2000.0,0.0,214.763,NOK,ASK,
2024-07-25,VAR.OL,Vår Energi,NO0011202772,False,BUY,15.0,526.0,1.0,35.0,NOK,ASK,
2024-07-25,EPR.OL,Europris,NO0010735343,False,BUY,7.0,454.6,1.0,64.8,NOK,ASK,
2024-08-01,MC.PA,Lvmh Moet Hennessy Louis Vuitton SE,FR0000121014,False,BUY,1.0,7620.06,71.65,640.0,EUR,Aksje og fondskonto,
2024-08-02,AMZN,Amazon.com,US0231351067,False,BUY,5.0,9076.84,49.0,164.41,USD,Aksje og fondskonto,
2024-08-02,VAR.OL,Vår Energi,NO0011202772,False,BUY,70.0,2369.55,3.55,33.8,NOK,ASK,
2024-08-06,IE00BMTD2J60,Nordnet Global Indeks NOK,IE00BMTD2J60,True,BUY,83.4474,15000.0,0.0,179.754,NOK,ASK,
2024-08-06,V,Visa,US92826C8394,False,BUY,2.0,5711.8,49.0,256.5,USD,Aksje og fondskonto,
2024-08-06,VAR.OL,Vår Energi,NO0011202772,False,BUY,15.0,490.0,1.0,32.6,NOK,ASK,
2024-08-07,NOVO-B.CO,Novo Nordisk B,DK0062498333,False,BUY,1.0,1367.08,2.05,863.5,DKK,ASK,
2024-08-08,IE00BNNLSM87,Nordnet Teknologi Indeks NOK,IE00BNNLSM87,True,BUY,25.9259,5000.0,0.0,192.857,NOK,ASK,
2024-08-28,IE00BMTD2J60,Nordnet Global Indeks NOK,IE00BMTD2J60,True,BUY,75.4737,14000.0,0.0,185.495,NOK,ASK,
2024-08-29,IE00BMTD2N07,Nordnet Europa Indeks NOK,IE00BMTD2N07,True,BUY,11.2493,2000.0,0.0,177.789,NOK,ASK,
2024-09-06,IE00BNNLSM87,Nordnet Teknologi Indeks NOK,IE00BNNLSM87,True,BUY,10.5259,2000.0,0.0,190.007,NOK,ASK,
2024-09-06,IE00BMTD2J60,Nordnet Global Indeks NOK,IE00BMTD2J60,True,BUY,44.0177,8000.0,0.0,181.745,NOK,ASK,
2024-09-09,GOOGL,Alphabet A,US02079K3059,False,BUY,2.0,3290.28,49.0,149.0,USD,Aksje og fondskonto,
2024-09-09,AKRBP.OL,Aker BP,NO0010345853,False,BUY,7.0,1612.42,2.42,230.0,NOK,ASK,
2024-10-02,IE00BMTD2J60,Nordnet Global Indeks NOK,IE00BMTD2J60,True,BUY,21.0804,4000.0,0.0,189.75,NOK,ASK,
2024-10-14,NO0013023234,Fondsfinans Utbytte B,NO0013023234,True,BUY,0.0087,200.0,0.0,23110.7421,NOK,ASK,
2024-10-14,IE00BMTD2N07,Nordnet Europa Indeks NOK,IE00BMTD2N07,True,BUY,1.6764,300.0,0.0,178.954,NOK,ASK,
2024-10-15,IE00BNNLSM87,Nordnet Teknologi Indeks NOK,IE00BNNLSM87,True,BUY,1.3973,300.0,0.0,214.707,NOK,ASK,
2024-10-15,IE00BMTD2J60,Nordnet Global Indeks NOK,IE00BMTD2J60,True,BUY,5.1019,1000.0,0.0,196.004,NOK,ASK,
2024-10-21,IE00BMTD2N07,Nordnet Europa Indeks NOK,IE00BMTD2N07,True,BUY,0.7316,130.0,0.0,177.694,NOK,ASK,
2024-10-22,IE00BNNLSM87,Nordnet Teknologi Indeks NOK,IE00BNNLSM87,True,BUY,13.5655,3000.0,0.0,221.15,NOK,ASK,
2024-10-22,IE00BMTD2J60,Nordnet Global Indeks NOK,IE00BMTD2J60,True,BUY,13.6281,2700.0,0.0,198.1199,NOK,ASK,
2024-10-22,NO0013168773,Fondsfinans High Yield B,NO0013168773,True,BUY,0.0347,400.0,0.0,11526.67,NOK,Fondskonto,
2024-10-22,NO0013023234,Fondsfinans Utbytte B,NO0013023234,True,BUY,0.0043,100.0,0.0,23222.3194,NOK,ASK,
2024-10-22,NO0012948878,Heimdal Høyrente N,NO0012948878,True,BUY,4.1797,550.0,0.0,131.5875,NOK,Fondskonto,
2024-10-22,NO0010876469,Storebrand Nordic High Yield N,NO0010876469,True,BUY,0.8774,1000.0,0.0,1139.7054,NOK,Fondskonto,
2024-10-28,VAR.OL,Vår Energi,NO0011202772,False,BUY,25.0,849.02,1.27,33.91,NOK,ASK,
2024-11-04,EQNR.OL,Equinor,NO0010096985,False,BUY,1.0,262.0,1.0,261.0,NOK,ASK,
2024-11-06,VAR.OL,Vår Energi,NO0011202772,False,BUY,11.0,367.3,1.0,33.3,NOK,ASK,
2024-11-21,CP,Canadian Pacific Kansas City,CA13646K1084,False,BUY,5.0,4113.81,49.0,73.4,USD,Aksje og fondskonto,
2024-11-26,NO0010279029,Landkreditt Høyrente A,NO0010279029,True,SELL,16.9808,1842.6,0.0,108.5105,NOK,Fondskonto,51.11
2024-11-29,NO0010876469,Storebrand Nordic High Yield N,NO0010876469,True,BUY,1.6039,1842.6,0.0,1148.8211,NOK,Fondskonto,
2024-12-03,NO0010279029,Landkreditt Høyrente A,NO0010279029,True,SELL,33.9616,3688.91,0.0,108.6199,NOK,Fondskonto,99.07
2024-12-05,NO0012948878,Heimdal Høyrente N,NO0012948878,True,BUY,27.8245,3688.91,0.0,132.5776,NOK,Fondskonto,
2024-12-05,NO0013023234,Fondsfinans Utbytte B,NO0013023234,True,BUY,0.0239,570.0,0.0,23898.6942,NOK,ASK,
2024-12-06,IE00BNNLSM87,Nordnet Teknologi Indeks NOK,IE00BNNLSM87,True,BUY,6.3841,1500.0,0.0,234.958,NOK,ASK,
2024-12-06,IE00BMTD2J60,Nordnet Global Indeks NOK,IE00BMTD2J60,True,BUY,14.3896,3000.0,0.0,208.484,NOK,ASK,
2024-12-20,AMZN,Amazon.com,US0231351067,False,BUY,3.0,7574.54,49.0,219.0,USD,Aksje og fondskonto,
2024-12-23,IE00BMTD2J60,Nordnet Global Indeks NOK,IE00BMTD2J60,True,BUY,14.5479,2999.98,0.0,206.214,NOK,ASK,
2024-12-23,IE00BNNLSM87,Nordnet Teknologi Indeks NOK,IE00BNNLSM87,True,BUY,12.5578,2999.98,0.0,238.894,NOK,ASK,
2024-12-23,NOVO-B.CO,Novo Nordisk B,DK0062498333,False,BUY,3.0,3005.31,4.5,630.0,DKK,ASK,
2024-12-30,NO0010876469,Storebrand Nordic High Yield N,NO0010876469,True,BUY,1.2365,1285.97,0.0,1039.9995,NOK,Fondskonto,
2024-12-30,NO0010279029,Landkreditt Høyrente A,NO0010279029,True,BUY,2.3278,237.89,0.0,102.1953,NOK,Fondskonto,
2024-12-30,NO0013168773,Fondsfinans High Yield B,NO0013168773,True,BUY,0.0922,987.44,0.0,10706.8892,NOK,Fondskonto,
2024-12-30,NO0012948878,Heimdal Høyrente N,NO0012948878,True,BUY,19.3386,2335.09,0.0,120.7474,NOK,Fondskonto,
2025-01-06,AAPL,Apple,US0378331005,False,SELL,4.0,11007.44,49.0,245.05,USD,Aksje og fondskonto,3176.59
2025-01-08,ASML,ASML Holding,USN070592100,False,BUY,1.0,8507.38,49.0,740.0,USD,Aksje og fondskonto,
2025-02-07,AMZN,Amazon.com,US0231351067,False,BUY,3.0,7804.3,49.0,229.0,USD,Aksje og fondskonto,
2025-02-20,IE00BMTD2J60,Nordnet Global Indeks NOK,IE00BMTD2J60,True,SELL,165.4881,34183.72,0.0,206.563,NOK,ASK,5987.46
2025-02-24,NO0010776040,KLP AksjeGlobal Indeks P,NO0010776040,True,BUY,9.6741,34183.51,0.0,3533.5082,NOK,ASK,
2025-02-28,IE00BMTD2J60,Nordnet Global Indeks NOK,IE00BMTD2J60,True,SELL,193.0694,39225.72,0.0,203.1689,NOK,ASK,0.0
2025-03-04,NO0010776040,KLP AksjeGlobal Indeks P,NO0010776040,True,BUY,11.3251,39225.52,0.0,3463.5912,NOK,ASK,
2025-03-04,EQNR.OL,Equinor,NO0010096985,False,BUY,4.0,1001.1,1.5,249.9,NOK,ASK,
2025-03-06,AMZN,Amazon.com,US0231351067,False,BUY,6.0,13246.78,49.0,202.0,USD,Aksje og fondskonto,
2025-03-07,AMZN,Amazon.com,US0231351067,False,BUY,3.0,6539.51,49.0,199.0,USD,Aksje og fondskonto,
2025-03-18,NO0010776040,KLP AksjeGlobal Indeks P,NO0010776040,True,BUY,2.4767,8000.72,0.0,3230.394,NOK,ASK,
2025-03-31,MSFT,Microsoft,US5949181045,False,BUY,2.0,7888.13,49.0,371.7,USD,Aksje og fondskonto,
2025-04-02,IE00BMTD2J60,Nordnet Global Indeks NOK,IE00BMTD2J60,True,SELL,96.5347,17475.0,0.0,181.023,NOK,ASK,-343.12
2025-04-04,NO0010776040,KLP AksjeGlobal Indeks P,NO0010776040,True,BUY,5.8593,17474.9,0.0,2982.4217,NOK,ASK,
2025-04-04,NOVO-B.CO,Novo Nordisk B,DK0062498333,False,BUY,4.0,2740.13,4.1,440.0,DKK,ASK,
2025-04-04,KOG.OL,KONGSBERG GRUPPEN,NO0003043309,False,SELL,5.0,7913.11,11.89,1585.0,NOK,ASK,3541.56
2025-04-08,GOOGL,Alphabet A,US02079K3059,False,BUY,3.0,4944.57,49.0,149.0,USD,Aksje og fondskonto,
2025-04-11,IE00BMTD2J60,Nordnet Global Indeks NOK,IE00BMTD2J60,True,SELL,96.5348,17230.3,0.0,178.488,NOK,ASK,-1519.81
2025-04-15,NO0010776040,KLP AksjeGlobal Indeks P,NO0010776040,True,BUY,5.5383,17230.01,0.0,3111.0647,NOK,ASK,
2025-04-15,NO0013023234,Fondsfinans Utbytte B,NO0013023234,True,BUY,0.0359,892.72,0.0,24866.9125,NOK,ASK,
2025-05-02,NO0013023234,Fondsfinans Utbytte B,NO0013023234,True,BUY,0.0765,1999.69,0.0,26139.7809,NOK,ASK,
2025-05-02,NO0010776040,KLP AksjeGlobal Indeks P,NO0010776040,True,BUY,3.108,9999.99,0.0,3217.4997,NOK,ASK,
2025-05-06,IE00BMTD2N07,Nordnet Europa Indeks NOK,IE00BMTD2N07,True,SELL,69.7438,12077.53,0.0,173.17,NOK,ASK,447.53
2025-05-08,GOOGL,Alphabet A,US02079K3059,False,BUY,3.0,4886.06,49.0,154.0,USD,Aksje og fondskonto,
2025-05-12,NO0012445404,KLP AksjeGlobal Indeks N,NO0012445404,True,BUY,79.3389,128114.65,0.0,,NOK,ASK,
2025-05-12,NO0010776040,KLP AksjeGlobal Indeks P,NO0010776040,True,SELL,37.9815,128114.65,0.0,,NOK,ASK,0.0
2025-05-14,NO0012445388,KLP AksjeEuropa Indeks N,NO0012445388,True,BUY,7.7782,11999.94,0.0,1542.7661,NOK,ASK,
2025-05-20,IE00BNNLSM87,Nordnet Teknologi Indeks NOK,IE00BNNLSM87,True,BUY,9.4881,2000.0,0.0,210.79,NOK,ASK,
2025-05-20,NO0012445388,KLP AksjeEuropa Indeks N,NO0012445388,True,BUY,0.3427,539.98,0.0,1575.6761,NOK,ASK,
2025-05-20,NO0013023234,Fondsfinans Utbytte B,NO0013023234,True,BUY,0.0201,538.37,0.0,26784.4413,NOK,ASK,
2025-05-21,NO0010279029,Landkreditt Høyrente A,NO0010279029,True,BUY,2.392,250.0,0.0,104.5146,NOK,Fondskonto,
2025-05-21,NO0012445404,KLP AksjeGlobal Indeks N,NO0012445404,True,BUY,3.8578,5999.99,0.0,1555.2885,NOK,ASK,
2025-05-21,NO0012445388,KLP AksjeEuropa Indeks N,NO0012445388,True,BUY,0.4795,749.97,0.0,1564.0676,NOK,ASK,
2025-05-21,IE00BNNLSM87,Nordnet Teknologi Indeks NOK,IE00BNNLSM87,True,BUY,4.8898,999.99,0.0,204.506,NOK,ASK,
2025-05-21,NO0012948878,Heimdal Høyrente N,NO0012948878,True,BUY,3.9995,499.99,0.0,125.0142,NOK,Fondskonto,
2025-05-21,NO0013168773,Fondsfinans High Yield B,NO0013168773,True,BUY,0.0448,499.8,0.0,11156.1795,NOK,Fondskonto,
2025-05-21,NO0013023234,Fondsfinans Utbytte B,NO0013023234,True,BUY,0.0277,747.67,0.0,26991.7357,NOK,ASK,
2025-05-21,NO0010876469,Storebrand Nordic High Yield N,NO0010876469,True,BUY,0.2334,249.9,0.0,1070.6785,NOK,Fondskonto,
2025-05-28,ASML,ASML Holding,USN070592100,False,SELL,1.0,7558.59,49.0,750.0,USD,Aksje og fondskonto,8.93
2025-05-28,ASML.AS,ASML HOLDING,NL0010273215,False,BUY,1.0,7609.14,0.0,660.0,EUR,ASK,
2025-05-29,ASML.AS,ASML HOLDING,NL0010273215,False,BUY,1.0,7670.68,0.0,665.0,EUR,ASK,
2025-06-26,NO0012948878,Heimdal Høyrente N,NO0012948878,True,BUY,39.2508,4999.99,0.0,127.3857,NOK,Fondskonto,
2025-06-26,NO0012445404,KLP AksjeGlobal Indeks N,NO0012445404,True,BUY,4.3591,6999.86,0.0,1605.8032,NOK,ASK,
2025-06-26,NO0012445388,KLP AksjeEuropa Indeks N,NO0012445388,True,BUY,0.0965,149.88,0.0,1553.1517,NOK,ASK,
2025-06-26,NO0013168773,Fondsfinans High Yield B,NO0013168773,True,BUY,0.1763,1999.21,0.0,11339.8331,NOK,Fondskonto,
2025-06-26,NO0013023234,Fondsfinans Utbytte B,NO0013023234,True,BUY,0.0254,698.14,0.0,27485.9239,NOK,ASK,
2025-06-27,IE00BNNLSM87,Nordnet Teknologi Indeks NOK,IE00BNNLSM87,True,BUY,0.675,149.98,0.0,222.198,NOK,ASK,
2025-07-17,ASML.AS,ASML HOLDING,NL0010273215,False,BUY,1.0,7702.71,49.0,638.5,EUR,ASK,
2025-07-21,NO0012445388,KLP AksjeEuropa Indeks N,NO0012445388,True,BUY,0.9446,1499.98,0.0,1587.9508,NOK,ASK,
2025-07-21,NO0012445404,KLP AksjeGlobal Indeks N,NO0012445404,True,BUY,3.6236,5999.86,0.0,1655.7727,NOK,ASK,
2025-07-21,IE00BNNLSM87,Nordnet Teknologi Indeks NOK,IE00BNNLSM87,True,BUY,6.4649,1499.99,0.0,232.021,NOK,ASK,
2025-07-21,NO0013023234,Fondsfinans Utbytte B,NO0013023234,True,BUY,0.0357,998.14,0.0,27958.9879,NOK,ASK,
2025-07-22,NDA-SE.ST,Nordea,FI4000297767,False,BUY,10.0,1446.0,2.17,135.9,SEK,ASK,
2025-08-05,NO0012445404,KLP AksjeGlobal Indeks N,NO0012445404,True,BUY,8.9815,14999.97,0.0,1670.0959,NOK,ASK,
2025-08-05,NO0012445388,KLP AksjeEuropa Indeks N,NO0012445388,True,BUY,1.2728,1999.9,0.0,1571.263,NOK,ASK,
2025-08-05,NO0013023234,Fondsfinans Utbytte B,NO0013023234,True,BUY,0.071,1997.41,0.0,28132.5563,NOK,ASK,
2025-08-06,IE00BNNLSM87,Nordnet Teknologi Indeks NOK,IE00BNNLSM87,True,BUY,4.2302,999.99,0.0,236.394,NOK,ASK,
2025-08-12,NO0012445404,KLP AksjeGlobal Indeks N,NO0012445404,True,BUY,11.7736,19999.89,0.0,1698.7064,NOK,ASK,
2025-08-12,NO0012445388,KLP AksjeEuropa Indeks N,NO0012445388,True,BUY,0.1191,189.87,0.0,1594.1941,NOK,ASK,
2025-08-12,NO0013023234,Fondsfinans Utbytte B,NO0013023234,True,BUY,0.0353,998.07,0.0,28274.0312,NOK,ASK,
2025-08-13,IE00BNNLSM87,Nordnet Teknologi Indeks NOK,IE00BNNLSM87,True,BUY,4.1524,999.99,0.0,240.821,NOK,ASK,
2025-09-19,NOVO-B.CO,Novo Nordisk B,DK0062498333,False,SELL,2.0,1232.93,1.85,395.0,DKK,Aksje og fondskonto,-924.11
2025-09-25,NOVO-B.CO,Novo Nordisk B,DK0062498333,False,BUY,2.0,1146.7,1.72,365.5,DKK,ASK,
2025-09-25,EQNR.OL,Equinor,NO0010096985,False,SELL,5.0,1278.08,1.92,256.0,NOK,ASK,-290.02
2025-10-03,CP,Canadian Pacific Kansas City,CA13646K1084,False,SELL,8.0,6108.72,49.0,77.6,USD,Aksje og fondskonto,-307.51
2025-10-03,PROT.OL,Protector Forsikring,NO0010209331,False,BUY,2.0,967.45,1.45,483.0,NOK,ASK,
2025-10-06,NO0012445404,KLP AksjeGlobal Indeks N,NO0012445404,True,BUY,0.5774,999.86,0.0,1731.6617,NOK,ASK,
2025-10-06,NO0012445388,KLP AksjeEuropa Indeks N,NO0012445388,True,BUY,0.1231,199.99,0.0,1624.5773,NOK,ASK,
2025-10-06,IE00BNNLSM87,Nordnet Teknologi Indeks NOK,IE00BNNLSM87,True,BUY,0.4723,119.99,0.0,254.049,NOK,ASK,
2025-10-13,NO0012445404,KLP AksjeGlobal Indeks N,NO0012445404,True,BUY,0.2884,499.89,0.0,1733.3346,NOK,ASK,
2025-10-13,NO0012445388,KLP AksjeEuropa Indeks N,NO0012445388,True,BUY,1.2373,1999.89,0.0,1616.3347,NOK,ASK,
2025-10-23,PROT.OL,Protector Forsikring,NO0010209331,False,BUY,2.0,941.41,1.41,470.0,NOK,ASK,
2025-10-28,MC.PA,Lvmh Moet Hennessy Louis Vuitton SE,FR0000121014,False,SELL,3.0,21386.67,49.0,616.0,EUR,Aksje og fondskonto,-5469.19
2025-10-30,AMZN,Amazon.com,US0231351067,False,BUY,2.0,4565.28,49.0,224.0,USD,Aksje og fondskonto,
2025-10-30,EPR.OL,Europris,NO0010735343,False,BUY,4.0,381.8,1.0,95.2,NOK,ASK,
2025-11-03,IE000480NS87,Nordnet Global Indeks 125 NOK,IE000480NS87,True,BUY,6.2042,999.99,0.0,161.1801,NOK,IPS,
2025-11-03,V,Visa,US92826C8394,False,BUY,5.0,17117.36,49.0,336.4,USD,Aksje og fondskonto,
2025-11-03,V,Visa,US92826C8394,False,SELL,2.0,6747.68,49.0,336.65,USD,Aksje og fondskonto,1149.36
2025-11-04,IE000480NS87,Nordnet Global Indeks 125 NOK,IE000480NS87,True,BUY,25.0658,3999.99,0.0,159.5795,NOK,IPS,
2025-11-05,EQNR.OL,Equinor,NO0010096985,False,SELL,6.0,1479.78,2.22,247.0,NOK,ASK,-68.35
2025-11-10,NO0012445404,KLP AksjeGlobal Indeks N,NO0012445404,True,SELL,2.9328,5230.39,0.0,1783.4122,NOK,ASK,269.33
2025-11-11,IE000480NS87,Nordnet Global Indeks 125 NOK,IE000480NS87,True,BUY,30.7123,4899.98,0.0,159.5447,NOK,IPS,
2025-11-13,IE000480NS87,Nordnet Global Indeks 125 NOK,IE000480NS87,True,BUY,32.0367,5000.0,0.0,156.0709,NOK,IPS,
2025-11-21,VAR.OL,Vår Energi,NO0011202772,False,BUY,20.0,641.0,1.0,32.0,NOK,ASK,
2025-12-02,VAR.OL,Vår Energi,NO0011202772,False,BUY,20.0,631.0,1.0,31.5,NOK,ASK,
2025-12-11,IE000480NS87,Nordnet Global Indeks 125 NOK,IE000480NS87,True,BUY,0.6174,99.99,0.0,161.9454,NOK,IPS,
2025-12-11,AKER.OL,Aker,NO0010234552,False,BUY,2.0,1498.24,2.24,748.0,NOK,ASK,
2025-12-12,NO0013479428,Landkreditt Høyrente N,NO0013479428,True,BUY,38.6722,9389.22,0.0,,NOK,Fondskonto,
2025-12-12,NO0010279029,Landkreditt Høyrente A,NO0010279029,True,SELL,38.6815,9389.22,0.0,,NOK,Fondskonto,0.0
2025-12-22,AKRBP.OL,Aker BP,NO0010345853,False,SELL,7.0,1761.35,2.65,252.0,NOK,ASK,148.93
2025-12-23,NO0012948878,Heimdal Høyrente N,NO0012948878,True,BUY,32.8085,3870.78,0.0,117.9811,NOK,Fondskonto,
2025-12-23,NORBT.OL,NORBIT,NO0010856511,False,BUY,10.0,1832.75,2.75,183.0,NOK,ASK,
2025-12-30,NO0010876469,Storebrand Nordic High Yield N,NO0010876469,True,BUY,1.3256,1350.4,0.0,1018.7149,NOK,Fondskonto,
2025-12-30,NO0013479428,Landkreditt Høyrente N,NO0013479428,True,BUY,1.8799,195.13,0.0,103.7981,NOK,Fondskonto,
2025-12-30,NO0013168773,Fondsfinans High Yield B,NO0013168773,True,BUY,0.1406,1496.73,0.0,10643.0112,NOK,Fondskonto,
2026-01-14,IE000480NS87,Nordnet Global Indeks 125 NOK,IE000480NS87,True,SELL,0.0244,3.97,0.0,162.6546,NOK,IPS,0.04
2026-01-20,IE000480NS87,Nordnet Global Indeks 125 NOK,IE000480NS87,True,SELL,0.0002,0.03,0.0,157.9153,NOK,IPS,-0.0
2026-02-05,NO0012445404,KLP AksjeGlobal Indeks N,NO0012445404,True,SELL,5.4274,9488.13,0.0,1748.1891,NOK,ASK,0.0
2026-02-05,SATS.OL,SATS,NO0010863285,False,BUY,17.0,665.7,1.0,39.1,NOK,ASK,
2026-02-06,AMZN,Amazon.com,US0231351067,False,BUY,2.0,4062.52,49.0,206.8,USD,Aksje og fondskonto,
2026-02-06,CP,Canadian Pacific Kansas City,CA13646K1084,False,SELL,8.0,6086.94,49.0,79.59,USD,Aksje og fondskonto,0.0
2026-02-09,NO0013023242,Fondsfinans Norden Utbytte B,NO0013023242,True,BUY,0.1063,3837.69,0.0,36102.4573,NOK,ASK,
2026-02-10,NO0012948852,Heimdal Utbytte N,NO0012948852,True,BUY,15.1169,3000.0,0.0,198.4531,NOK,ASK,
2026-02-11,NO0012445404,KLP AksjeGlobal Indeks N,NO0012445404,True,SELL,4.1776,7289.35,0.0,1744.8643,NOK,ASK,222.61
2026-02-11,MSFT,Microsoft,US5949181045,False,BUY,1.0,3902.31,49.0,404.0,USD,Aksje og fondskonto,
2026-02-17,MA,Mastercard,US57636Q1040,False,BUY,1.0,5046.46,49.0,521.43,USD,Aksje og fondskonto,
2026-02-18,NO0012948852,Heimdal Utbytte N,NO0012948852,True,BUY,4.964,1000.0,0.0,201.4495,NOK,ASK,
2026-02-18,NO0013023242,Fondsfinans Norden Utbytte B,NO0013023242,True,BUY,0.0075,267.13,0.0,35617.1949,NOK,ASK,
2026-03-06,PROT.OL,Protector Forsikring,NO0010209331,False,BUY,4.0,2059.08,3.08,514.0,NOK,ASK,
2026-03-19,NO0012445404,KLP AksjeGlobal Indeks N,NO0012445404,True,SELL,3.0078,4971.86,0.0,1652.9901,NOK,ASK,-116.07
2026-03-24,IE000480NS87,Nordnet Global Indeks 125 NOK,IE000480NS87,True,BUY,34.9238,5000.0,0.0,143.1688,NOK,IPS,
2026-04-01,NO0012445404,KLP AksjeGlobal Indeks N,NO0012445404,True,SELL,48.6273,81993.87,0.0,1686.1695,NOK,ASK,0.0
2026-04-15,IE000480NS87,Nordnet Global Indeks 125 NOK,IE000480NS87,True,SELL,0.0469,7.19,0.0,153.3027,NOK,IPS,-0.37
2026-04-27,NO0012445404,KLP AksjeGlobal Indeks N,NO0012445404,True,SELL,48.6274,84563.11,0.0,1739.0013,NOK,ASK,6145.6
2026-05-13,PROT.OL,Protector Forsikring,NO0010209331,False,BUY,5.0,2283.42,3.42,456.0,NOK,ASK,
2026-05-13,NOVO-B.CO,Novo Nordisk B,DK0062498333,False,SELL,5.0,2184.51,3.28,304.5,DKK,ASK,-3479.3
2026-06-03,DNB.OL,DNB Bank,NO0010161896,False,BUY,18.0,5144.91,7.71,285.4,NOK,ASK,
2026-06-03,NORBT.OL,NORBIT,NO0010856511,False,BUY,7.0,1242.26,1.86,177.2,NOK,ASK,
2026-06-03,PROT.OL,Protector Forsikring,NO0010209331,False,BUY,1.0,441.4,1.0,440.4,NOK,ASK,
2026-07-03,NO0012948852,Heimdal Utbytte N,NO0012948852,True,BUY,4.8293,999.99,0.0,207.0666,NOK,ASK,
2026-07-03,NO0013023242,Fondsfinans Norden Utbytte B,NO0013023242,True,BUY,0.0137,496.57,0.0,36246.0357,NOK,ASK,
2026-07-03,KOG.OL,Kongsberg Gruppen,NO0013536151,False,BUY,10.0,3284.92,4.92,328.0,NOK,ASK,
2026-07-06,NO0012445388,KLP AksjeEuropa Indeks N,NO0012445388,True,BUY,0.2736,499.91,0.0,1827.1655,NOK,ASK,
2026-07-06,IE00BNNLSM87,Nordnet Teknologi Indeks NOK,IE00BNNLSM87,True,BUY,12.9289,3999.98,0.0,309.383,NOK,ASK,
2026-07-06,NORBT.OL,NORBIT,NO0010856511,False,BUY,35.0,6204.29,9.29,177.0,NOK,ASK,
2026-07-09,NO0012948852,Heimdal Utbytte N,NO0012948852,True,BUY,0.4841,99.98,0.0,206.5312,NOK,ASK,
2026-07-09,NO0012445388,KLP AksjeEuropa Indeks N,NO0012445388,True,BUY,0.224,399.88,0.0,1785.173,NOK,ASK,
2026-07-09,NO0013023242,Fondsfinans Norden Utbytte B,NO0013023242,True,BUY,0.0141,497.04,0.0,35251.2356,NOK,ASK,
2026-07-09,IE00BNNLSM87,Nordnet Teknologi Indeks NOK,IE00BNNLSM87,True,BUY,0.3244,99.98,0.0,308.199,NOK,ASK,
2026-07-10,NORBT.OL,NORBIT,NO0010856511,False,BUY,14.0,2383.57,3.57,170.0,NOK,ASK,
2026-07-10,VAR.OL,Vår Energi,NO0011202772,False,SELL,23.0,969.14,1.46,42.2,NOK,ASK,163.16
2026-07-10,KOG.OL,Kongsberg Gruppen,NO0013536151,False,BUY,15.0,4559.33,6.83,303.5,NOK,ASK,
2026-07-14,MA,Mastercard,US57636Q1040,False,BUY,2.0,10535.44,49.0,541.0,USD,Aksje og fondskonto,
2026-07-15,IE000480NS87,Nordnet Global Indeks 125 NOK,IE000480NS87,True,SELL,0.0552,9.48,0.0,171.7888,NOK,IPS,0.58
2026-07-20,IE000480NS87,Nordnet Global Indeks 125 NOK,IE000480NS87,True,SELL,0.0006,0.1,0.0,167.4614,NOK,IPS,0.0
2026-07-21,NO0012948852,Heimdal Utbytte N,NO0012948852,True,BUY,2.0738,429.98,0.0,207.3398,NOK,ASK,
2026-07-21,IE000480NS87,Nordnet Global Indeks 125 NOK,IE000480NS87,True,BUY,2.9036,489.98,0.0,168.7504,NOK,IPS,
2026-07-24,KOG.OL,Kongsberg Gruppen,NO0013536151,False,BUY,5.0,1447.17,2.17,289.0,NOK,ASK,
2026-07-24,VAR.OL,Vår Energi,NO0011202772,False,SELL,21.0,1012.78,1.52,48.3,NOK,ASK,276.89
2026-08-19,PROT.OL,Protector Forsikring,NO0010209331,False,BUY,10.0,4807.2,7.2,480.0,NOK,ASK,
2026-08-31,VAR.OL,Vår Energi,NO0011202772,False,SELL,40.0,1982.62,2.98,49.64,NOK,ASK,584.89
